Model,Avg (ms),Std Dev (ms),Min (ms),Max (ms),Runs
u2net,1415.77,27.48048580356614,1372,1566,100
seanet,161.73,29.15230865643406,131,234,100
samnet,106.31,18.046991439018306,86,213,100
hvpnet,135.34,44.16632653957084,82,190,100
bofp1,23.26,4.819999999999999,20,54,100
bofp2,21.7,4.023679907746143,18,38,100
bofp3,26.52,7.084461870883349,22,81,100
cluster1,26.46,3.26012269707752,23,43,100
cluster2,17.45,4.418993097980579,13,36,100
cluster3,17.57,5.316493205111805,15,55,100
